WellName,TOP,WellDepth_m,z_bot
APR_Q01_Fict_JuntaTilama__Pozo1_15m,481.71,15.0,466.7099914550781
APR_Q05_Fict_LosCondores__Pozo1_7m,166.94,7.0,159.94000244140625
APR_Q06_Fict_ElManzanoLoClaudio__pozo,120.36,20.0,100.36000061035156
APR_Q06_Fict_Guanguali__Pozo1_15m,120.36,15.0,105.36000061035156
APR_Q06_Fict_Guanguali__pozo2,120.36,22.0,98.36000061035156
APR_Q09_Fict_ElEsfuerzo__Pozo1_40m,0.0,40.0,-40.0
APR_Q09_Fict_ElEsfuerzo__Pozo2_45m,0.0,45.0,-45.0
APR_Q09_Fict_ElEsfuerzo__Pozo3_54m,0.0,54.0,-54.0
APR_Q09_Fict_ImpulsionQuilimari__Pozo1_45m,0.0,20.0,-20.0
APR_Q09_Fict_Quilimari__Pozo1_30m,0.0,20.0,-20.0
APR_Q09_Fict_Quilimari__Pozo2,0.8400002,10.0,-9.159999787807465
APR_Q09_Fict_Quilimari__Pozo3,1.13,10.0,-8.870000004768372
APU_Q09_Fict_Pichidangui__DrenQuilimari_10m,0.0,30.0,-30.0
APU_Q09_Fict_Pichidangui__NoriaCerrillos_10m,0.0,30.0,-30.0
APU_Q09_Fict_Pichidangui__NoriaFerrocarriles_10m,0.0,30.0,-30.0
APU_Q09_Fict_Pichidangui__NoriaQuilimari_10m,0.0,30.0,-30.0
DemAGRO_Sc_Q01_fict__p_16_342_id355,550.79,4.8,545.9899780273438
DemAGRO_Sc_Q01_fict__p_16_342_id356,550.79,4.5,546.2899780273438
DemAGRO_Sc_Q01_fict__p_16_342_id357,550.79,4.4,546.3899780273438
DemAGRO_Sc_Q01_fict__p_16_342_id358,550.79,5.5,545.2899780273438
DemAGRO_Sc_Q01_fict__p_32_329_id366,550.79,4.0,546.7899780273438
DemAGRO_Sc_Q01_fict__p_33_332_id348,550.79,11.0,539.7899780273438
DemAGRO_Sc_Q01_fict__p_33_332_id349,550.79,11.0,539.7899780273438
DemAGRO_Sc_Q01_fict__p_37_326_id367,550.79,7.0,543.7899780273438
DemAGRO_Sc_Q01_fict__p_38_334_id335,550.79,8.0,542.7899780273438
DemAGRO_Sc_Q01_fict__p_39_332_id376,550.79,16.0,534.7899780273438
DemAGRO_Sc_Q01_fict__p_40_330_id375,550.79,8.5,542.2899780273438
DemAGRO_Sc_Q01_fict__p_40_333_id340,550.79,8.0,542.7899780273438
DemAGRO_Sc_Q01_fict__p_40_333_id341,550.79,5.0,545.7899780273438
DemAGRO_Sc_Q01_fict__p_42_330_id374,550.79,7.0,543.7899780273438
DemAGRO_Sc_Q01_fict__p_58_329_id329,550.79,4.0,546.7899780273438
DemAGRO_Sc_Q01_fict__p_61_332_id328,550.79,6.0,544.7899780273438
DemAGRO_Sc_Q01_fict__p_65_331_id369,550.79,2.5,548.2899780273438
DemAGRO_Sc_Q01_fict__p_82_335_id353,550.79,10.0,540.7899780273438
DemAGRO_Sc_Q01_fict__p_95_334_id354,550.79,8.0,542.7899780273438
DemAGRO_Sc_Q01_fict__p_95_338_id344,550.79,2.8,547.9899780273438
DemAGRO_Sc_Q01_fict__p_95_338_id345,550.79,3.72,547.0699780273437
DemAGRO_Sc_Q02_fict__p_15_260_id266,344.63,3.0,341.6300048828125
DemAGRO_Sc_Q02_fict__p_29_218_id263,247.79,3.5,244.2899932861328
DemAGRO_Sc_Q02_fict__p_29_255_id265,330.1,10.5,319.6000061035156
DemAGRO_Sc_Q02_fict__p_29_255_id269,330.1,12.0,318.1000061035156
DemAGRO_Sc_Q02_fict__p_31_223_id261,247.79,3.5,244.2899932861328
DemAGRO_Sc_Q02_fict__p_32_218_id262,247.79,3.0,244.7899932861328
DemAGRO_Sc_Q02_fict__p_32_220_id264,247.79,3.0,244.7899932861328
DemAGRO_Sc_Q02_fict__p_32_223_id260,247.79,3.5,244.2899932861328
DemAGRO_Sc_Q02_fict__p_36_253_id252,330.1,6.0,324.1000061035156
DemAGRO_Sc_Q02_fict__p_50_178_id241,200.63,1.5,199.1300048828125
DemAGRO_Sc_Q02_fict__p_54_178_id223,200.63,5.0,195.6300048828125
DemAGRO_Sc_Q02_fict__p_56_180_id240,204.7,4.0,200.6999969482422
DemAGRO_Sc_Q02_fict__p_66_167_id247,146.75,6.0,140.75
DemAGRO_Sc_Q03_fict__p_22_204_id212,237.76,5.0,232.75999450683594
DemAGRO_Sc_Q03_fict__p_23_204_id213,237.76,4.0,233.75999450683594
DemAGRO_Sc_Q04_fict__p_61_120_id55,84.6,8.5,76.0999984741211
DemAGRO_Sc_Q04_fict__p_62_118_id53,84.6,8.5,76.0999984741211
DemAGRO_Sc_Q04_fict__p_62_120_id54,84.6,8.0,76.5999984741211
DemAGRO_Sc_Q04_fict__p_63_124_id69,88.88,5.0,83.87999725341797
DemAGRO_Sc_Q04_fict__p_63_69_id201,49.58,5.0,44.58000183105469
DemAGRO_Sc_Q04_fict__p_64_124_id57,88.88,14.0,74.87999725341797
DemAGRO_Sc_Q04_fict__p_64_99_id78,56.72,10.0,46.720001220703125
DemAGRO_Sc_Q04_fict__p_66_101_id77,59.96,10.0,49.959999084472656
DemAGRO_Sc_Q04_fict__p_67_102_id76,59.96,10.0,49.959999084472656
DemAGRO_Sc_Q04_fict__p_67_102_id79,59.96,7.0,52.959999084472656
DemAGRO_Sc_Q04_fict__p_67_105_id80,60.55,13.0,47.54999923706055
DemAGRO_Sc_Q04_fict__p_68_104_id75,59.96,10.0,49.959999084472656
DemAGRO_Sc_Q04_fict__p_77_138_id156,103.31,13.0,90.30999755859375
DemAGRO_Sc_Q04_fict__p_77_141_id137,107.52,6.0,101.5199966430664
DemAGRO_Sc_Q04_fict__p_78_129_id187,95.79,7.0,88.79000091552734
DemAGRO_Sc_Q04_fict__p_78_135_id133,95.79,7.0,88.79000091552734
DemAGRO_Sc_Q04_fict__p_78_137_id134,99.46,10.0,89.45999908447266
DemAGRO_Sc_Q04_fict__p_78_138_id132,103.31,9.0,94.30999755859375
DemAGRO_Sc_Q04_fict__p_79_129_id188,95.79,7.0,88.79000091552734
DemAGRO_Sc_Q04_fict__p_79_133_id173,95.79,13.0,82.79000091552734
DemAGRO_Sc_Q04_fict__p_79_137_id136,99.46,10.0,89.45999908447266
DemAGRO_Sc_Q04_fict__p_80_153_id168,137.77,7.0,130.77000427246094
DemAGRO_Sc_Q04_fict__p_80_154_id164,137.77,9.0,128.77000427246094
DemAGRO_Sc_Q04_fict__p_86_117_id70,78.18,3.0,75.18000030517578
DemAGRO_Sc_Q04_fict__p_95_123_id73,88.88,5.0,83.87999725341797
DemAGRO_Sc_Q05_fict__p_19_100_id205,59.96,5.0,54.959999084472656
DemAGRO_Sc_Q06_fict__p_59_28_id3,39.93,2.93,37.00000030517578
DemAGRO_Sc_Q06_fict__p_60_23_id41,39.93,5.0,34.93000030517578
DemAGRO_Sc_Q06_fict__p_60_28_id4,39.93,2.93,37.00000030517578
DemAGRO_Sc_Q06_fict__p_61_37_id14,39.93,5.0,34.93000030517578
DemAGRO_Sc_Q06_fict__p_63_43_id24,39.93,7.0,32.93000030517578
DemAGRO_SHAC_Q01_fict__p_16_321_id282,443.65,8.0,435.6499938964844
DemAGRO_SHAC_Q01_fict__p_16_321_id301,443.65,8.0,435.6499938964844
DemAGRO_SHAC_Q01_fict__p_16_321_id302,443.65,8.0,435.6499938964844
DemAGRO_SHAC_Q01_fict__p_16_321_id317,443.65,8.0,435.6499938964844
DemAGRO_SHAC_Q01_fict__p_16_323_id318,449.21,8.0,441.2099914550781
DemAGRO_SHAC_Q01_fict__p_16_323_id377,449.21,8.0,441.2099914550781
DemAGRO_SHAC_Q01_fict__p_17_286_id334,376.47,5.2,371.27000122070314
DemAGRO_SHAC_Q01_fict__p_17_316_id384,435.45,8.0,427.45001220703125
DemAGRO_SHAC_Q01_fict__p_17_337_id331,495.5,4.0,491.5
DemAGRO_SHAC_Q01_fict__p_18_299_id350,438.51,8.0,430.510009765625
DemAGRO_SHAC_Q01_fict__p_18_301_id351,428.54,8.0,420.5400085449219
DemAGRO_SHAC_Q01_fict__p_18_312_id322,425.37,8.0,417.3699951171875
DemAGRO_SHAC_Q01_fict__p_18_312_id323,425.37,8.0,417.3699951171875
DemAGRO_SHAC_Q01_fict__p_18_313_id380,428.11,8.0,420.1099853515625
DemAGRO_SHAC_Q01_fict__p_18_327_id278,461.05,8.0,453.04998779296875
DemAGRO_SHAC_Q01_fict__p_18_327_id279,461.05,8.0,453.04998779296875
DemAGRO_SHAC_Q01_fict__p_18_327_id305,461.05,8.0,453.04998779296875
DemAGRO_SHAC_Q01_fict__p_18_327_id306,461.05,8.0,453.04998779296875
DemAGRO_SHAC_Q01_fict__p_18_327_id307,461.05,8.0,453.04998779296875
DemAGRO_SHAC_Q01_fict__p_18_327_id308,461.05,8.0,453.04998779296875
DemAGRO_SHAC_Q01_fict__p_18_327_id320,461.05,8.0,453.04998779296875
DemAGRO_SHAC_Q01_fict__p_18_327_id379,461.05,8.0,453.04998779296875
DemAGRO_SHAC_Q01_fict__p_18_338_id321,497.31,8.0,489.30999755859375
DemAGRO_SHAC_Q01_fict__p_18_338_id352,497.31,8.0,489.30999755859375
DemAGRO_SHAC_Q01_fict__p_18_338_id385,497.31,8.0,489.30999755859375
DemAGRO_SHAC_Q01_fict__p_19_331_id371,477.41,8.0,469.4100036621094
DemAGRO_SHAC_Q01_fict__p_19_342_id337,512.72,5.45,507.269970703125
DemAGRO_SHAC_Q01_fict__p_19_343_id386,520.94,8.0,512.9400024414062
DemAGRO_SHAC_Q01_fict__p_20_290_id363,382.35,3.5,378.8500061035156
DemAGRO_SHAC_Q01_fict__p_20_335_id297,486.62,8.0,478.6199951171875
DemAGRO_SHAC_Q01_fict__p_20_338_id342,498.18,9.0,489.17999267578125
DemAGRO_SHAC_Q01_fict__p_20_338_id343,498.18,4.0,494.17999267578125
DemAGRO_SHAC_Q01_fict__p_20_341_id336,506.22,6.5,499.7200012207031
DemAGRO_SHAC_Q01_fict__p_21_336_id373,492.67,8.0,484.6700134277344
DemAGRO_SHAC_Q01_fict__p_22_299_id347,402.21,8.0,394.2099914550781
DemAGRO_SHAC_Q01_fict__p_22_329_id370,470.08,8.0,462.0799865722656
DemAGRO_SHAC_Q01_fict__p_22_332_id327,481.57,8.0,473.57000732421875
DemAGRO_SHAC_Q01_fict__p_23_332_id288,485.43,40.0,445.42999267578125
DemAGRO_SHAC_Q01_fict__p_23_336_id296,494.47,8.0,486.4700012207031
DemAGRO_SHAC_Q01_fict__p_24_328_id372,480.55,8.0,472.54998779296875
DemAGRO_SHAC_Q01_fict__p_24_331_id330,485.23,8.0,477.2300109863281
DemAGRO_SHAC_Q01_fict__p_24_334_id338,495.67,6.0,489.6700134277344
DemAGRO_SHAC_Q01_fict__p_25_311_id286,445.11,8.0,437.1099853515625
DemAGRO_SHAC_Q01_fict__p_25_311_id287,445.11,8.0,437.1099853515625
DemAGRO_SHAC_Q01_fict__p_25_311_id290,445.11,8.0,437.1099853515625
DemAGRO_SHAC_Q01_fict__p_25_331_id333,492.18,9.0,483.17999267578125
DemAGRO_SHAC_Q01_fict__p_25_336_id339,503.45,11.0,492.45001220703125
DemAGRO_SHAC_Q01_fict__p_26_313_id289,447.12,8.0,439.1199951171875
DemAGRO_SHAC_Q01_fict__p_26_331_id332,506.46,10.0,496.4599914550781
DemAGRO_SHAC_Q01_fict__p_27_313_id285,454.95,8.0,446.95001220703125
DemAGRO_SHAC_Q01_fict__p_5_276_id270,375.44,8.0,367.44000244140625
DemAGRO_SHAC_Q02_fict__p_15_262_id267,332.39,6.0,326.3900146484375
DemAGRO_SHAC_Q02_fict__p_16_260_id268,339.63,6.0,333.6300048828125
DemAGRO_SHAC_Q02_fict__p_34_230_id257,230.02,5.0,225.02000427246094
DemAGRO_SHAC_Q02_fict__p_35_215_id255,203.48,6.0,197.47999572753906
DemAGRO_SHAC_Q02_fict__p_35_219_id258,207.52,5.5,202.02000427246094
DemAGRO_SHAC_Q02_fict__p_35_232_id256,237.23,5.0,232.22999572753906
DemAGRO_SHAC_Q02_fict__p_35_236_id253,250.19,6.0,244.19000244140625
DemAGRO_SHAC_Q02_fict__p_36_208_id254,190.76,6.0,184.75999450683594
DemAGRO_SHAC_Q02_fict__p_36_211_id259,196.62,6.0,190.6199951171875
DemAGRO_SHAC_Q03_fict__p_34_202_id206,194.53,4.0,190.52999877929688
DemAGRO_SHAC_Q03_fict__p_37_203_id218,186.58,5.0,181.5800018310547
DemAGRO_SHAC_Q03_fict__p_37_203_id220,186.58,5.0,181.5800018310547
DemAGRO_SHAC_Q03_fict__p_37_207_id219,197.69,3.0,194.69000244140625
DemAGRO_SHAC_Q04_fict__p_37_201_id216,181.08,8.0,173.0800018310547
DemAGRO_SHAC_Q04_fict__p_38_202_id215,184.25,8.0,176.25
DemAGRO_SHAC_Q04_fict__p_39_201_id217,182.29,8.0,174.2899932861328
DemAGRO_SHAC_Q04_fict__p_43_196_id208,172.85,8.0,164.85000610351562
DemAGRO_SHAC_Q04_fict__p_44_196_id210,168.49,8.0,160.49000549316406
DemAGRO_SHAC_Q04_fict__p_44_197_id207,170.44,8.0,162.44000244140625
DemAGRO_SHAC_Q04_fict__p_44_197_id209,170.44,8.0,162.44000244140625
DemAGRO_SHAC_Q04_fict__p_46_194_id214,167.71,9.0,158.7100067138672
DemAGRO_SHAC_Q04_fict__p_47_193_id211,168.51,6.0,162.50999450683594
DemAGRO_SHAC_Q05_fict__p_51_195_id230,167.68,20.0,147.67999267578125
DemAGRO_SHAC_Q05_fict__p_52_194_id243,161.93,3.0,158.92999267578125
DemAGRO_SHAC_Q05_fict__p_53_192_id244,167.67,4.0,163.6699981689453
DemAGRO_SHAC_Q05_fict__p_55_188_id242,165.42,8.0,157.4199981689453
DemAGRO_SHAC_Q05_fict__p_56_190_id251,157.22,3.5,153.72000122070312
DemAGRO_SHAC_Q05_fict__p_57_187_id245,155.09,8.0,147.08999633789062
DemAGRO_SHAC_Q05_fict__p_57_188_id229,153.11,5.0,148.11000061035156
DemAGRO_SHAC_Q05_fict__p_58_187_id250,150.08,4.0,146.0800018310547
DemAGRO_SHAC_Q05_fict__p_58_189_id231,149.57,4.8,144.77000732421874
DemAGRO_SHAC_Q05_fict__p_59_189_id228,147.32,4.0,143.32000732421875
DemAGRO_SHAC_Q05_fict__p_59_191_id246,175.01,6.0,169.00999450683594
DemAGRO_SHAC_Q05_fict__p_60_185_id237,143.99,7.0,136.99000549316406
DemAGRO_SHAC_Q05_fict__p_63_181_id238,137.49,4.0,133.49000549316406
DemAGRO_SHAC_Q05_fict__p_63_181_id239,137.49,7.0,130.49000549316406
DemAGRO_SHAC_Q05_fict__p_68_173_id236,148.11,1.5,146.61000061035156
DemAGRO_SHAC_Q05_fict__p_71_172_id249,146.33,4.0,142.3300018310547
DemAGRO_SHAC_Q05_fict__p_71_187_id224,170.34,6.0,164.33999633789062
DemAGRO_SHAC_Q05_fict__p_73_169_id221,120.19,3.0,117.19000244140625
DemAGRO_SHAC_Q05_fict__p_73_169_id222,120.19,3.0,117.19000244140625
DemAGRO_SHAC_Q05_fict__p_74_165_id232,119.38,4.0,115.37999725341797
DemAGRO_SHAC_Q05_fict__p_74_165_id248,119.38,3.8,115.57999725341797
DemAGRO_SHAC_Q05_fict__p_74_167_id234,116.47,3.0,113.47000122070312
DemAGRO_SHAC_Q05_fict__p_77_162_id235,110.75,3.0,107.75
DemAGRO_SHAC_Q05_fict__p_77_167_id225,113.72,7.22,106.50000122070313
DemAGRO_SHAC_Q05_fict__p_78_165_id226,111.87,5.2,106.67000274658203
DemAGRO_SHAC_Q05_fict__p_79_160_id233,104.81,3.0,101.80999755859375
DemAGRO_SHAC_Q05_fict__p_79_162_id227,105.78,3.2,102.57999877929687
DemAGRO_SHAC_Q06_fict__p_79_123_id169,67.09,60.0,7.089996337890625
DemAGRO_SHAC_Q06_fict__p_80_133_id93,88.04,7.0,81.04000091552734
DemAGRO_SHAC_Q06_fict__p_80_136_id117,87.81,8.0,79.80999755859375
DemAGRO_SHAC_Q06_fict__p_80_137_id174,94.46,7.5,86.95999908447266
DemAGRO_SHAC_Q06_fict__p_80_138_id176,98.31,15.0,83.30999755859375
DemAGRO_SHAC_Q06_fict__p_80_142_id147,94.04,9.0,85.04000091552734
DemAGRO_SHAC_Q06_fict__p_80_143_id135,93.96,9.0,84.95999908447266
DemAGRO_SHAC_Q06_fict__p_81_133_id92,80.58,7.0,73.58000183105469
DemAGRO_SHAC_Q06_fict__p_81_134_id141,81.99,9.0,72.98999786376953
DemAGRO_SHAC_Q06_fict__p_81_134_id91,81.99,6.5,75.48999786376953
DemAGRO_SHAC_Q06_fict__p_81_135_id119,82.53,14.0,68.52999877929688
DemAGRO_SHAC_Q06_fict__p_81_135_id120,82.53,3.0,79.52999877929688
DemAGRO_SHAC_Q06_fict__p_81_136_id102,83.45,9.0,74.44999694824219
DemAGRO_SHAC_Q06_fict__p_81_137_id128,86.19,13.0,73.19000244140625
DemAGRO_SHAC_Q06_fict__p_81_137_id175,86.19,6.0,80.19000244140625
DemAGRO_SHAC_Q06_fict__p_81_138_id87,89.43,10.0,79.43000030517578
DemAGRO_SHAC_Q06_fict__p_81_140_id139,94.43,6.0,88.43000030517578
DemAGRO_SHAC_Q06_fict__p_81_141_id182,93.4,8.0,85.4000015258789
DemAGRO_SHAC_Q06_fict__p_81_142_id116,91.08,11.0,80.08000183105469
DemAGRO_SHAC_Q06_fict__p_81_142_id146,91.08,8.0,83.08000183105469
DemAGRO_SHAC_Q06_fict__p_81_142_id167,91.08,8.0,83.08000183105469
DemAGRO_SHAC_Q06_fict__p_81_143_id157,90.25,8.0,82.25
DemAGRO_SHAC_Q06_fict__p_81_147_id177,104.22,11.0,93.22000122070312
DemAGRO_SHAC_Q06_fict__p_81_147_id178,104.22,10.0,94.22000122070312
DemAGRO_SHAC_Q06_fict__p_81_149_id184,109.97,8.0,101.97000122070312
DemAGRO_SHAC_Q06_fict__p_81_154_id163,124.08,7.0,117.08000183105469
DemAGRO_SHAC_Q06_fict__p_81_158_id125,104.28,12.0,92.27999877929688
DemAGRO_SHAC_Q06_fict__p_82_134_id103,78.63,11.0,67.62999725341797
DemAGRO_SHAC_Q06_fict__p_82_136_id104,81.78,12.0,69.77999877929688
DemAGRO_SHAC_Q06_fict__p_82_138_id127,86.53,12.0,74.52999877929688
DemAGRO_SHAC_Q06_fict__p_82_138_id131,86.53,10.0,76.52999877929688
DemAGRO_SHAC_Q06_fict__p_82_141_id183,91.75,8.0,83.75
DemAGRO_SHAC_Q06_fict__p_82_143_id97,89.75,9.0,80.75
DemAGRO_SHAC_Q06_fict__p_82_157_id126,100.61,10.0,90.61000061035156
DemAGRO_SHAC_Q06_fict__p_83_134_id113,77.79,12.0,65.79000091552734
DemAGRO_SHAC_Q06_fict__p_83_134_id129,77.79,7.0,70.79000091552734
DemAGRO_SHAC_Q06_fict__p_83_135_id96,79.1,13.0,66.0999984741211
DemAGRO_SHAC_Q06_fict__p_83_137_id100,82.73,13.0,69.7300033569336
DemAGRO_SHAC_Q06_fict__p_83_137_id130,82.73,10.0,72.7300033569336
DemAGRO_SHAC_Q06_fict__p_83_138_id115,83.86,12.0,71.86000061035156
DemAGRO_SHAC_Q06_fict__p_83_138_id122,83.86,12.0,71.86000061035156
DemAGRO_SHAC_Q06_fict__p_83_139_id121,85.13,12.0,73.12999725341797
DemAGRO_SHAC_Q06_fict__p_83_142_id123,88.12,9.5,78.62000274658203
DemAGRO_SHAC_Q06_fict__p_83_142_id140,88.12,11.0,77.12000274658203
DemAGRO_SHAC_Q06_fict__p_83_142_id142,88.12,8.0,80.12000274658203
DemAGRO_SHAC_Q06_fict__p_83_146_id118,88.95,7.0,81.94999694824219
DemAGRO_SHAC_Q06_fict__p_83_149_id109,91.11,8.0,83.11000061035156
DemAGRO_SHAC_Q06_fict__p_84_140_id124,82.88,12.0,70.87999725341797
DemAGRO_SHAC_Q06_fict__p_84_140_id88,82.88,9.0,73.87999725341797
DemAGRO_SHAC_Q06_fict__p_84_140_id90,82.88,10.0,72.87999725341797
DemAGRO_SHAC_Q06_fict__p_84_141_id111,84.51,9.5,75.01000213623047
DemAGRO_SHAC_Q06_fict__p_85_122_id170,73.75,85.0,-11.25
DemAGRO_SHAC_Q06_fict__p_85_133_id98,72.66,7.0,65.66000366210938
DemAGRO_SHAC_Q06_fict__p_85_140_id89,80.87,8.5,72.37000274658203
DemAGRO_SHAC_Q06_fict__p_85_157_id179,112.4,8.0,104.4000015258789
DemAGRO_SHAC_Q06_fict__p_86_132_id99,70.95,14.0,56.94999694824219
DemAGRO_SHAC_Q06_fict__p_86_141_id112,80.67,3.0,77.66999816894531
DemAGRO_SHAC_Q06_fict__p_86_147_id95,87.6,7.5,80.0999984741211
DemAGRO_SHAC_Q06_fict__p_86_154_id101,97.84,5.0,92.83999633789062
DemAGRO_SHAC_Q06_fict__p_87_144_id166,84.79,6.8,77.99000091552735
DemAGRO_SHAC_Q06_fict__p_88_147_id107,84.38,7.0,77.37999725341797
DemAGRO_SHAC_Q06_fict__p_88_147_id94,84.38,14.0,70.37999725341797
DemAGRO_SHAC_Q07_fict__p_67_88_id48,33.0,8.0,25.0
DemAGRO_SHAC_Q07_fict__p_67_91_id82,29.1,15.0,14.100000381469727
DemAGRO_SHAC_Q07_fict__p_69_87_id68,27.25,6.0,21.25
DemAGRO_SHAC_Q07_fict__p_70_88_id56,28.63,7.12,21.5099991607666
DemAGRO_SHAC_Q07_fict__p_70_94_id58,37.23,7.1,30.129999542236327
DemAGRO_SHAC_Q07_fict__p_71_93_id59,42.58,7.12,35.46000183105469
DemAGRO_SHAC_Q07_fict__p_71_94_id51,43.73,7.0,36.72999954223633
DemAGRO_SHAC_Q07_fict__p_71_95_id50,41.89,7.0,34.88999938964844
DemAGRO_SHAC_Q07_fict__p_71_97_id60,38.86,17.0,21.860000610351562
DemAGRO_SHAC_Q07_fict__p_72_105_id47,42.33,8.0,34.33000183105469
DemAGRO_SHAC_Q07_fict__p_72_105_id81,42.33,8.0,34.33000183105469
DemAGRO_SHAC_Q07_fict__p_72_99_id46,37.92,8.0,29.919998168945312
DemAGRO_SHAC_Q07_fict__p_77_118_id52,69.33,8.0,61.33000183105469
DemAGRO_SHAC_Q07_fict__p_78_117_id49,54.15,5.3,48.85000152587891
DemAGRO_SHAC_Q07_fict__p_78_118_id71,55.84,5.0,50.84000015258789
DemAGRO_SHAC_Q07_fict__p_79_117_id74,54.8,6.0,48.79999923706055
DemAGRO_SHAC_Q07_fict__p_79_121_id72,58.21,8.0,50.209999084472656
DemAGRO_SHAC_Q07_fict__p_84_117_id67,68.35,2.5,65.8499984741211
DemAGRO_SHAC_Q08_fict__p_65_54_id191,12.46,8.0,4.460000038146973
DemAGRO_SHAC_Q08_fict__p_66_70_id196,32.8,6.0,26.799999237060547
DemAGRO_SHAC_Q08_fict__p_67_56_id199,11.48,12.0,-0.5200004577636719
DemAGRO_SHAC_Q08_fict__p_68_57_id198,15.19,4.0,11.1899995803833
DemAGRO_SHAC_Q08_fict__p_68_57_id200,15.19,3.0,12.1899995803833
DemAGRO_SHAC_Q08_fict__p_69_51_id197,10.12,8.0,2.119999885559082
DemAGRO_SHAC_Q09_fict__p_63_31_id20,2.34,4.0,-1.6600000858306885
DemAGRO_SHAC_Q09_fict__p_63_32_id19,2.969999,6.0,-3.030000925064087
DemAGRO_SHAC_Q09_fict__p_64_28_id8,0.0,4.0,-4.0
DemAGRO_SHAC_Q09_fict__p_65_20_id25,0.0,6.0,-6.0
DemAGRO_SHAC_Q09_fict__p_65_25_id42,0.0,6.0,-6.0
DemAGRO_SHAC_Q09_fict__p_65_26_id40,0.0,6.0,-6.0
DemAGRO_SHAC_Q09_fict__p_65_28_id1,1.13,8.0,-6.870000004768372
DemAGRO_SHAC_Q09_fict__p_65_28_id5,1.13,5.0,-3.8700000047683716
DemAGRO_SHAC_Q09_fict__p_65_28_id7,1.13,40.0,-38.87000000476837
DemAGRO_SHAC_Q09_fict__p_65_38_id29,9.42,8.0,1.4200000762939453
DemAGRO_SHAC_Q09_fict__p_66_21_id26,0.0,12.0,-12.0
DemAGRO_SHAC_Q09_fict__p_66_22_id38,0.0,7.0,-7.0
DemAGRO_SHAC_Q09_fict__p_66_25_id16,1.18,6.0,-4.820000052452087
DemAGRO_SHAC_Q09_fict__p_66_39_id33,6.799999,5.0,1.7999992370605469
DemAGRO_SHAC_Q09_fict__p_66_40_id31,6.65,6.0,0.6500000953674316
DemAGRO_SHAC_Q09_fict__p_66_40_id32,6.65,7.0,-0.34999990463256836
DemAGRO_SHAC_Q09_fict__p_66_41_id37,10.69,6.0,4.689999580383301
DemAGRO_SHAC_Q09_fict__p_66_47_id23,10.04,6.2,3.839999961853027
DemAGRO_SHAC_Q09_fict__p_66_47_id43,10.04,8.0,2.0399999618530273
DemAGRO_SHAC_Q09_fict__p_67_15_id21,0.0,3.0,-3.0
DemAGRO_SHAC_Q09_fict__p_67_21_id45,0.0,45.0,-45.0
DemAGRO_SHAC_Q09_fict__p_67_25_id15,1.99,3.75,-1.7599999904632568
DemAGRO_SHAC_Q09_fict__p_67_27_id22,6.08,3.0,3.0799999237060547
DemAGRO_SHAC_Q09_fict__p_67_42_id30,7.280001,5.0,2.280001163482666
DemAGRO_SHAC_Q09_fict__p_68_16_id13,0.0,4.0,-4.0
DemAGRO_SHAC_Q09_fict__p_68_16_id28,0.0,9.0,-9.0
DemAGRO_SHAC_Q09_fict__p_68_17_id34,0.0,10.0,-10.0
DemAGRO_SHAC_Q09_fict__p_68_18_id27,0.0,8.0,-8.0
DemAGRO_SHAC_Q09_fict__p_68_18_id35,0.0,4.5,-4.5
DemAGRO_SHAC_Q09_fict__p_68_24_id36,0.9899998,3.0,-2.010000228881836
DemAGRO_SHAC_Q09_fict__p_68_24_id6,0.9899998,6.0,-5.010000228881836
DemAGRO_SHAC_Q09_fict__p_68_35_id17,3.65,4.5,-0.8499999046325684
DemAGRO_SHAC_Q09_fict__p_68_45_id2,8.200001,8.0,0.20000076293945312
DemAGRO_SHAC_Q09_fict__p_69_37_id18,4.9,4.2,0.7000000953674315
DemAGRO_SHAC_Q09_fict__p_69_39_id39,8.059999,20.0,-11.940000534057617
DemAGRO_SHAC_Q09_fict__p_70_47_id202,7.209999,4.0,3.2099990844726562
Pozo_Costero_DOH__pozoDOH,13.74,60.0,-46.260000228881836
