run,n_acciones,kge_mediano,weap_J1_gw_storage,weap_J2_unmet_ap,weap_J3_agri_value,weap_J4_supply_cost,weap_J51_mean_town_fail,weap_J52_worst_year_frac,weap_J6_coastal_salinity,mlp_J1_gw_storage,mlp_J2_unmet_ap,mlp_J3_agri_value,mlp_J4_supply_cost,mlp_J51_mean_town_fail,mlp_J52_worst_year_frac,mlp_J6_coastal_salinity
1,0,0.8364297542185857,34273104.0,18619020.0,49739909334.89718,100179699019.38556,,,0.8646092292126891,34628750.6677487,17401985.744714927,49795394884.45141,108353227608.2654,,,0.8652578329820988
2,0,0.8164048145417894,34558604.0,18028336.0,35289378339.6689,97761696103.10211,,,0.8649641121647204,34690976.34134267,16319843.390680104,37333015860.19347,106061506767.46582,,,0.8658403769486732
12,0,0.8866344794627128,36233612.0,30722542.0,55979643211.99743,105827497543.23787,,,0.8663002863445296,35993821.15564733,30048831.94790659,55068357489.367905,105912483391.61821,,,0.8711112271009618
16,0,0.8966982967929715,36261976.0,84049432.0,52161504887.76996,116727748329.89973,,,0.8669319153758289,36027219.087516636,81381987.0068695,52493696320.32905,117319885787.81866,,,0.8731704403023052
17,0,0.8892511193965658,36377364.0,82900584.0,35666407926.952644,115488773872.00656,,,0.8672572844882481,36097924.917847306,79735040.13288376,37262674876.18649,116738364188.71352,,,0.8732385960054392
19,0,0.8846510625791217,38383044.0,16251886.0,56158781703.12216,86106702682.97755,,,0.8628628838405,38243867.48544327,16424616.56721336,55327416829.94533,83241801896.67445,,,0.8635322764589941
26,0,0.8585494339888564,38556092.0,83373928.0,36414811378.81198,106345281967.67412,,,0.8637833504502682,38409896.63179032,80665626.91557692,37398008679.9101,107165504942.54758,,,0.8710783215587802
37,0,0.8635687186465287,38465036.0,15815884.0,56016741872.42053,87240785616.08499,,,0.8647988054672691,38399140.850246914,16131715.217671465,56266101525.846275,81783780564.11853,,,0.8591699341559855
41,0,0.8519398666445319,38659740.0,29010180.0,36338050026.44313,94976922433.43732,,,0.8632816510693269,38608096.31216078,28426355.560429264,37973335442.32976,89872236800.87189,,,0.8644504849109007
42,0,0.8875894528715862,38410596.0,82673632.0,62065263963.63498,110807003873.68542,,,0.8657395832744234,38164709.28028785,79710509.57719836,60162087242.96505,105442470871.1879,,,0.86849937063744
58,0,0.8707994497875508,39389492.0,28526370.0,56121199243.25619,96010645283.1583,,,0.8618086512086922,39249893.46561349,28639503.88828839,56272240343.08401,91150519528.96507,,,0.8631028501562602
63,0,0.8819326460277976,37899352.0,16620645.0,61282933465.12637,90127598225.56514,,,0.8653190436063113,37897086.230159596,16443288.212559856,59588876667.419556,84851966882.41928,,,0.8613346830228319
66,0,0.8838704252400262,37897332.0,31373498.0,61305698679.72894,99066410388.09055,,,0.8657179246971379,37864870.61094915,30954925.53200005,59608785811.54741,94975665365.52928,,,0.8649582368917744
67,0,0.8874079957391869,37935244.0,31145524.0,55445406042.90581,98528350695.79233,,,0.8656698717752351,37948380.188807234,30780075.598740328,55721038022.36249,94176863994.39748,,,0.8648728426885802
159,1,0.8478885794903597,36253240.0,7707672.5,52290264953.438705,47033802200.18626,,,0.8663763962425552,36064085.66518165,8313194.442051899,53687025522.27547,41578909824.50139,,,0.8707652494068415
161,1,0.8297801889887447,36279240.0,11163283.0,43036409206.40709,61271897401.93509,,,0.8659249468653724,36038283.83045808,12132212.999696242,44146732136.45261,58819704449.56612,,,0.8709649310406646
166,1,0.8165481658731669,38395500.0,12099517.0,56109678249.61221,83630301961.38914,,,0.8628628838405,38243847.61072528,15181822.106166631,55051233827.888855,84718721146.08215,,,0.8667456692225315
167,1,0.8483730554144949,38491504.0,11210361.0,47435619535.2974,53187330777.97219,,,0.8623975809452232,38239065.15518994,12348957.248197583,46958891661.76669,48454614399.78892,,,0.8653187103759558
177,1,0.8497638720744031,38529672.0,7915674.0,56026824161.01754,43376248240.21113,,,0.8631033288385854,38367013.364300415,8781235.88947599,56419889556.345505,34830312094.31651,,,0.86216677474229
178,1,0.8582559353602803,38465036.0,11655478.0,56008842170.44982,85218584218.33997,,,0.8646240530777275,38285682.34352666,15329068.608931014,55912769978.18377,81016411855.14157,,,0.862006691330744
181,1,0.8245460716195419,36657404.0,14136666.0,57331666402.078674,94287235302.87653,,,0.8644203330160761,36318470.74936306,15570055.328377046,55934360339.69845,93759730837.8271,,,0.8635651634139927
182,1,0.8256575473378974,36705740.0,13111819.0,47510727273.79284,62988203594.18209,,,0.8643507919018826,36304004.111143366,13981700.556769019,46658151695.68612,60507878934.17352,,,0.8632208697623392
186,1,0.849917127326553,39370472.0,7429305.0,62501742970.28503,42977038652.78852,,,0.8590029139063019,39153395.23693914,8339975.640898689,60883631072.82055,34554855103.44301,,,0.8629208631380952
197,1,0.8441228476111576,37952180.0,11366202.0,46745828395.75107,56112309530.64678,,,0.8654151128166483,37926301.03384688,12157638.614455078,46797614430.90769,49365144656.77809,,,0.8644940991388597
211,1,0.8774869754279021,38264312.0,61398040.0,56175934564.66455,89344518058.87383,,,0.8637718534691906,38055546.949946344,58521863.7507399,56040670780.72119,87554962360.88362,,,0.8702030623461722
213,1,0.8579772947533439,38072260.0,8466981.0,36260547140.0183,61761662001.14804,,,0.8628066001053271,38148301.746223666,8950383.913930967,38032541277.96008,58653878884.52011,,,0.8647830768416886
218,1,0.8650890842476273,36233780.0,62737008.0,56085953984.171234,106305402850.26283,,,0.8650716541345117,35978560.41285498,60095223.33101447,54984003690.56758,112092300082.36044,,,0.8717191811536232
221,1,0.8202252054226413,34324116.0,17370422.0,51858652371.96599,97531018543.39655,,,0.8645974527798425,34496139.420482844,16487581.664223973,51152369783.35688,105173595988.41336,,,0.8654231441883189
223,1,0.8697582648479443,38463300.0,26144802.0,56019757617.88865,90287195594.47269,,,0.8634514013926188,38334911.55864397,25957072.043468326,56780947368.08737,84565714368.89606,,,0.8617489786508549
225,1,0.8510617964318363,37899352.0,15117721.0,61289807560.639465,87761074087.28976,,,0.8653190436063113,37897086.230159596,15095041.946392855,59677451680.99917,82643424169.29385,,,0.8613346830228319
231,1,0.7960227677547251,34188936.0,78629832.0,49764770871.96944,117872771032.60373,,,0.8656454087229969,34481399.404959686,74485777.6485863,48851362439.42675,139408482753.64722,,,0.8731429003262982
234,1,0.8427130979594782,36370144.0,13239316.0,35662004752.815575,90724463314.3691,,,0.8662733711192286,36108081.805395894,13073221.864265148,37657379423.22446,90410272067.08351,,,0.8689478490549841
236,1,0.8743371275227984,38273180.0,79858048.0,56173948570.69969,107947285111.66145,,,0.8638296550155704,38057790.1651199,77170420.11334126,55969995270.95209,105713186788.33904,,,0.8702366246533043
243,1,0.8721757675836177,36757772.0,33231488.0,53809923469.29845,102596631928.35374,,,0.864754322386566,36714472.68819997,31993892.492433347,53672358690.23246,100365593851.39017,,,0.8663669131733995
246,1,0.8507563602275483,36253240.0,8267666.5,52182708057.28103,66909541052.89811,,,0.8661119736435808,36028336.17756213,8821964.705158716,53848071926.8016,64265534175.765945,,,0.8693131015597938
249,1,0.8591617204068183,38463300.0,18392714.0,56020794462.31452,68263387612.45016,,,0.8590828840271298,38334911.55864397,18898322.196021434,57640386191.09225,65810923592.85395,,,0.8626043946740882
260,1,0.821294242811196,38698488.0,11556933.0,36415342646.11128,77385037770.62628,,,0.8625492302595226,38626712.66800597,12041360.62972387,38062203386.10958,77544395302.31718,,,0.8668435965329041
262,1,0.852066388668957,38659740.0,27327554.0,36338076000.24643,94700061968.39095,,,0.8619613324660336,38608096.31216078,26975609.731033456,38034072121.617004,90936667549.18297,,,0.8643245200866204
264,1,0.8515950948539062,37906336.0,66093936.0,61381444968.66216,106131312966.19948,,,0.8664233442323562,37803133.56472176,64980202.238491476,59433828713.79019,107647378799.1848,,,0.870615328007041
272,1,0.8677118868502302,36377364.0,74917816.0,35666452565.44285,116698644658.70506,,,0.8661080396444,36097924.917847306,72870582.039244,37293194930.01897,120275216423.39938,,,0.8714921596840043
278,1,0.844673495842537,39585720.0,13574728.0,36355268469.15373,84682073119.35777,,,0.8577833752717356,39689575.52130492,13773365.55552354,37903525037.19551,82743251262.3625,,,0.8630119595493101
289,1,0.8023770999680544,38072788.0,82658696.0,36136019731.10271,110069170935.61192,,,0.8662823546090233,38075679.32813442,79067361.17727971,37435781975.52339,101549264626.32713,,,0.8709266481138745
295,1,0.8573727050082189,38724084.0,15667258.0,36413609839.070694,85159874049.30566,,,0.8625492302595226,38630146.43662569,15780918.732014991,37924791676.633896,86741125917.24966,,,0.8668223284014206
296,1,0.8563038286781346,38393232.0,11773125.0,62071750945.93035,84954741903.70679,,,0.8648104725091514,38319026.003274366,15455110.666054899,60149614096.81922,80700143958.84033,,,0.8594970248055589
299,1,0.8628205747072814,36249744.0,26018750.0,52180236390.93977,102475279150.0963,,,0.8663689415864271,36029220.27994798,27135716.955363553,52810197107.01902,101432288951.23679,,,0.8709099652449679
309,1,0.8370839090855484,37080028.0,14746328.0,35766595648.31591,91748246113.65102,,,0.8641890177637825,37009618.746508576,15308271.567400018,37313593771.32371,89231534287.63968,,,0.8638960233722763
312,1,0.838451892953551,34273104.0,17271456.0,49716132434.24649,99096492365.82928,,,0.8646092292126891,34628750.6677487,16541256.100353254,49779559151.62464,107562978282.60068,,,0.8652578329820988
318,1,0.8222987681872731,37945804.0,81155648.0,55446647851.10821,111061020242.45572,,,0.8663983709050781,37906013.71852371,80092220.83230317,55442473348.63,108773322037.74207,,,0.8702408132472124
320,1,0.8176176242554185,34269612.0,13728554.0,42059381944.22059,69096057781.03085,,,0.8645047591282771,34269506.969570085,14183867.103486443,41732285404.50668,75730975869.86482,,,0.8685809347624057
322,1,0.8471510501187215,36297612.0,68388256.0,42912124944.61992,93433605714.0387,,,0.8669125511373951,36028040.1714959,67073630.543903425,43567982467.7325,98150711084.7212,,,0.8736359223342735
323,1,0.8615678384578707,38479628.0,80377648.0,53562371507.07081,100584801346.95801,,,0.8638661008707385,38307185.6783918,79320248.04462285,53858355787.65426,95483743879.59053,,,0.8716786242517479
331,1,0.8474988136853913,37906336.0,71004240.0,55656126972.94058,102151517447.55208,,,0.8664233563663243,37803133.56472176,70076720.19349614,54064388901.36581,104766892581.4701,,,0.870615328007041
344,1,0.8724919189701639,38481188.0,81606064.0,55366779958.83138,105586982629.57518,,,0.8638296550155704,38059319.060528114,80268409.68617068,55149755590.85657,104237966248.6367,,,0.8703139947001077
349,1,0.8155892341259843,38662456.0,12982141.0,35627799398.980446,79744418820.53493,,,0.8643955421151353,38622873.07902265,13502154.170868777,37435642450.99385,74493172289.08531,,,0.8622694708034597
352,1,0.8528612998518543,36253240.0,14835612.0,51474285976.90158,92800210527.66544,,,0.8661122527711597,36028336.17756213,15049770.303178973,52158673652.33372,91424285972.30687,,,0.8687898749578753
359,1,0.8610497339540487,36725640.0,32226532.0,53522794674.259605,104346834297.22049,,,0.8645949280808485,36698024.045509845,31397907.845388323,53451473433.501175,103472956180.37297,,,0.8627292452981821
427,2,0.8048806134557143,33131528.0,7658709.0,28481705672.472397,49701153128.23014,,,0.8599730959305396,33584653.68154019,8127853.782796582,28901104478.2252,44411299934.07856,,,0.869841542114336
436,2,0.8332283772516045,36676416.0,68156768.0,53690708581.63576,113191946422.1404,,,0.8652400574484072,36595099.16456046,63261867.90583858,53369139757.12529,111491561774.63329,,,0.8683679971815365
438,3,0.7251085091681339,29753084.0,14354696.0,29140862554.84523,82478746004.62921,,,0.8645091415285231,31889879.34998023,13701769.49875441,29965450485.12704,101532076879.5281,,,0.8702102523837042
459,2,0.8426138938757055,38168492.0,56979784.0,62493448875.47412,94736763873.22534,,,0.863533520013117,37908383.213030435,55836161.76711843,60594962190.90046,91805854378.79073,,,0.8701192161009571
473,2,0.8228035605134033,36371068.0,21311492.0,35659488119.835365,63046882725.90457,,,0.8664613077134797,36121162.10257705,21473087.072834034,37744793138.70614,57750194767.83235,,,0.8724576286947883
490,1,0.84638213709365,29318410.0,76473728.0,49749825630.52115,112350501872.80287,,,0.8654491791636238,30610566.725199506,71704824.24841416,49032132501.337616,120015710482.46658,,,0.8710747891793148
501,3,0.8579539936837159,38416420.0,24770088.0,61395352596.913895,89680480322.00061,,,0.8637130800938551,38009622.39732825,25670391.7457757,58706928534.41325,88075354426.14174,,,0.8664126762518942
513,1,0.801494525093158,34629784.0,86186336.0,32240186275.542,100737960853.43494,,,0.8656997255048923,34581375.80527561,82209175.37355098,32389057521.20192,110184693542.93167,,,0.8745304598241309
529,2,0.8356498730703656,37093440.0,76664168.0,35345499731.78807,114719502737.16127,,,0.8654512794052991,37003404.11868447,73295884.77982917,36289731167.4452,121076140523.2967,,,0.8701127112153526
535,1,0.8285296328145833,36592364.0,83534008.0,57294955874.83699,116679757400.20241,,,0.8655292105563592,36496644.69687424,79178867.85893056,55265170085.96797,117015566970.0474,,,0.8684490246401788
541,4,0.8621028411496776,38465036.0,11550517.0,54329469423.456894,74517049150.02576,,,0.8647622379019173,38285682.34352666,12518360.640292346,54255288578.89856,68661787811.33503,,,0.8628554967214462
543,2,0.8774480976917143,36233780.0,68147696.0,56025335663.80518,114334220235.2255,,,0.8655600353739663,35978560.41285498,66069468.38279201,54951821823.373924,118766575267.98216,,,0.8724452845025387
576,2,0.837250201158851,37945804.0,72653416.0,55441353041.05522,111436940076.23763,,,0.8663983709050781,37857041.88332316,71404537.27295649,55440515497.856384,101994926257.6308,,,0.872335151585006
600,3,0.5825616579536762,29371110.0,12129785.0,33980495927.10842,81552686353.51653,,,0.8641165133678552,31994013.03793913,10495536.324935693,36538516001.4812,80178405529.02782,,,0.8640537326042652
608,2,0.7288337946712713,29463044.0,84111080.0,33724766287.003613,116876527247.79912,,,0.8651847931518052,31338481.852548826,73596411.25244153,34686798578.94574,132653828331.0308,,,0.8711258613036601
620,4,0.7799059441199352,28234766.0,13594795.0,35127911590.45678,67263991396.62163,,,0.8612505583311109,31014148.43411701,13121670.771095194,37892545091.52693,68638645417.77728,,,0.8716624012725965
635,2,0.8456369422200207,38673960.0,73248480.0,36338450117.12259,105621673912.25285,,,0.8571652698720621,38574947.60538432,70529019.08605678,37831171149.31337,99476644132.50864,,,0.867654593114352
637,2,0.8070220206157573,38055256.0,18405444.0,36133386567.008736,77400194925.79878,,,0.865897047538209,38115186.45743301,18936383.954966683,37837370424.93819,72535711096.82645,,,0.8667275239944116
645,3,0.8231814167765865,37915920.0,7794226.0,56764345489.29721,51575319717.57117,,,0.8654416399865348,37796012.09358612,8609717.409640187,55803366874.02957,44793705562.71847,,,0.8663679473610852
647,2,0.8658265991472571,38446180.0,11459896.0,62162911487.20316,74680527782.96635,,,0.864874660181462,38294455.682213955,12082310.183060814,60365656800.820854,69874085411.11667,,,0.8611092897051256
648,2,0.873939314216983,34605796.0,65788096.0,56623555190.45277,107804858884.14671,,,0.8590356936358443,33611421.65682982,63595660.535128884,54937533749.43844,111253633247.60744,,,0.8715480070950985
654,1,0.8292299579653033,37928212.0,8289917.0,55457010771.46832,57240938321.8181,,,0.8655539044781814,37972584.82108959,8839101.538395103,55790163762.177795,51350698437.48185,,,0.8629625087392863
660,3,0.8544447560565837,36233780.0,53492384.0,49687177941.04554,89906010959.57896,,,0.8624932010134895,35978560.41285498,53968937.37716612,47863731272.28554,102869208686.48674,,,0.8709533413726086
667,1,0.8693860571809587,32121484.0,13660993.0,43468078217.72089,77883316037.64638,,,0.8643377649293171,31819377.823690273,14185035.100823656,42707423565.52324,93075227181.76031,,,0.8654892042875388
671,2,0.8631103471253021,38410596.0,54955924.0,62031338028.926254,90052548437.93301,,,0.8504707048174569,38164709.28028785,54152097.90769334,60937553568.83202,95611849264.44582,,,0.8645549380572498
682,2,0.8548868151734128,37863192.0,13719079.0,55577221039.2653,83540804745.892,,,0.8630885903744523,37494665.26290544,13929656.265257843,55046866507.03315,81294569972.74512,,,0.8625384581928958
685,1,0.839174018073567,34798836.0,15219496.0,35394365648.94265,93576968210.52666,,,0.8650981694483071,34629474.88690375,15191089.843800152,37526257237.054405,95563856581.00104,,,0.8669755785084937
687,2,0.8339626171221601,33415154.0,74702288.0,33918168967.833096,119267867347.97723,,,0.8621847315545961,33947243.701020755,71039720.7177178,34417175512.3606,141813767456.37585,,,0.8723434238504919
694,3,0.7856639341564478,34704116.0,65981468.0,33894969220.44543,107886783638.45505,,,0.8658805728514434,34054756.03315921,62144764.267307386,34576204961.04611,110573084373.51488,,,0.8743276328619286
698,3,0.7793292398083601,34934024.0,55032792.0,33320655503.604404,91851922399.30426,,,0.8657144643395284,34332203.84881916,53516400.68130478,33723896016.103474,102263301406.49062,,,0.8745196533629583
706,1,0.8575839648833641,39322992.0,26847518.0,62503740697.35627,82382326275.12679,,,0.8621593457187159,39187259.57823624,27077028.98175112,60876346313.694855,75967857951.88823,,,0.8646565271947569
712,4,0.5932295982459754,28744844.0,15494856.0,43325324769.59673,99671020747.40678,,,0.8639786687579002,31595494.099331874,13816003.998775018,44802930840.03013,112095224225.07648,,,0.8637254345312368
736,4,0.8458637342337121,30229860.0,19734012.0,49555126409.380974,79766851330.96602,,,0.8621208235656187,31163791.488980033,19757280.53524103,48485295267.41568,77029141415.08801,,,0.8676630173531042
740,1,0.8476908944386194,32796600.0,13949765.0,49462827995.63478,94109711983.19421,,,0.8626988030443289,32209828.973957036,13700797.478509761,50168447827.80542,102438209915.26695,,,0.8577188072059452
747,2,0.8284071578415921,39585720.0,8255971.5,36355766600.3351,66783029345.489876,,,0.8546205810918861,39689575.52130492,11180431.73908478,38135618801.63095,62376212048.85465,,,0.8634526627203571
762,2,0.7873966936230898,38147788.0,10834530.0,35879213103.458725,78710610262.73982,,,0.862824628912578,38147769.86699542,13850659.381668288,37235419398.19886,84754866579.05884,,,0.8666586227626699
768,1,0.8626415560980508,38393232.0,12562371.0,62088171895.71335,79585377753.63881,,,0.8645070413331608,38319026.003274366,13093232.660695178,60604381379.23539,75287606451.15305,,,0.8592826194153661
808,2,0.8142333985590064,30881024.0,13395958.0,39804155684.65402,64729727705.43836,,,0.8643498445724274,31598681.434233885,13698554.275959875,40652395490.13683,71687268953.41759,,,0.8676917706018639
809,1,0.8394432069035871,39589064.0,69204464.0,36355195994.722496,109566468815.50975,,,0.8513419285428181,39630419.02602904,67841682.38715297,37362722726.81292,104831544206.16219,,,0.8695242359932914
817,3,0.8698373621724814,34060084.0,17174792.0,54984308570.899475,68236871359.5577,,,0.8591279743156789,33085860.52070407,18195485.097875245,53648134903.84697,66644474682.98467,,,0.8673166174857068
840,3,0.8138213998644178,34256440.0,15320078.0,50919351446.18647,97157074746.64465,,,0.8645974527798425,34470723.683440074,15360043.251598526,50169853301.9501,107099415281.58524,,,0.8654231441883189
844,1,0.8648773407515784,37762356.0,28488262.0,57494081147.55585,78077239204.60028,,,0.8631048828201324,37642683.605734974,28670798.051456235,55527831721.396416,73884847870.24425,,,0.866740672058493
853,1,0.8590122261968691,32439818.0,29404566.0,52081214986.72692,99630133313.82494,,,0.8647407971339903,31931729.63982045,29490286.81330143,52225711888.99927,102861187073.61792,,,0.8636104932146563
857,3,0.8350857909309815,32958350.0,65401236.0,40508320647.58007,94728915056.89554,,,0.8630378545951547,31927066.612606846,64186134.275375195,39742165966.0399,96575445738.48398,,,0.8742557637699548
858,1,0.8678598133909861,31951406.0,16543402.0,49832567056.337906,101783638245.33612,,,0.8642683813714575,31947720.59163605,15947869.254189324,50001806136.83062,113147230498.45372,,,0.8661283015188065
862,2,0.8669947422279631,36266808.0,19977244.0,49544475026.291084,69089640929.92781,,,0.8661710735708592,36029085.832734965,20477948.951376393,50005076447.15352,68633645463.74528,,,0.870980740538955
863,3,0.8702771117099393,38389684.0,23803200.0,61116550995.72666,89891953085.81702,,,0.8651620771594073,38262987.373408556,25759079.51498416,59120710204.76537,86387253435.5125,,,0.8620402948867997
871,3,0.879664325351437,38389684.0,20758526.0,60084635837.76896,82892943595.79079,,,0.8633321675109419,38262987.373408556,21150393.459255435,58657944603.82911,80566653187.94836,,,0.8618001207281395
875,3,0.8472447139058491,36238100.0,54396780.0,56164579083.744064,96618579847.67558,,,0.8610959593973702,35978467.99388444,54160439.452963926,55453400884.93414,101166168336.46005,,,0.8707819699066568
892,2,0.8373286747812103,38779412.0,12173564.0,35211406720.11807,75512315853.54558,,,0.8625485262114962,38629626.33856708,13200705.818378262,36729227591.12214,76375619137.85068,,,0.8668417663193961
900,3,0.8371693358513346,36215072.0,54492036.0,58137281047.05346,96871647762.6709,,,0.8616834329187917,35921862.53877401,54254440.10563207,56744951727.29503,99188513976.66829,,,0.8711113489466575
916,2,0.8825853445362726,38341956.0,72582768.0,67159953961.859665,112720268255.80978,,,0.863758960016587,38080556.502158985,71182724.00227502,63126554889.54788,108785876156.12956,,,0.8677979513784587
925,2,0.8572745551326257,37871320.0,13897672.0,66295856344.58006,84831613014.8204,,,0.8653343657050468,37764116.74766818,13965263.0778641,63418805329.72051,78293819415.44043,,,0.8616871664579763
935,3,0.8356926001047648,36198628.0,17514744.0,57663177979.4122,51813660528.34393,,,0.8667529618082438,35765397.62950458,18073126.00911216,55107591806.415985,38960921148.03289,,,0.8723075675022083
936,4,0.8539849494196898,36201696.0,53044500.0,60168240883.623,72664817283.44183,,,0.8623017916034708,35759374.83077353,54555791.434556276,58338830221.32939,51249895056.87961,,,0.8727791471643799
938,1,0.8624655544144659,39267376.0,67270320.0,68171972952.234856,110876007220.14545,,,0.8550314318791042,39113840.646931596,66575727.87152538,64432937332.02165,109384228193.4596,,,0.8672739707014687
967,2,0.8727344994463024,37722796.0,55885320.0,69292949967.4728,96386034991.66772,,,0.864109714548071,37642991.2779098,56399812.72195148,64293500148.70243,91601992777.03435,,,0.8699494062936117
2200,4,0.7893997073458899,35068256.0,0.11135256290435791,44176759464.21848,49803830222.09254,,,0.8638678248667773,34686472.288721815,439618.8024902268,42779113102.35875,44414231010.67342,,,0.8655603485234822
2201,4,0.8106202560125241,33777952.0,0.11163879185914993,48396350442.97069,49151397351.89465,,,0.8639580791276282,32888089.237065945,538132.2292945887,45604607577.16545,43543130070.414734,,,0.8658813643542645
2210,2,0.804073800422149,35124956.0,1186150.625,54311585535.52928,54302675590.108826,,,0.8637944465935833,34809284.552546,2240218.2716197693,54386572423.41941,47660272155.50728,,,0.8656793404867983
2211,2,0.833930593962742,33809020.0,3722348.0,59616483439.65765,55605888600.13195,,,0.863766110999323,33078979.813197717,4787913.790147988,58140303850.438705,47332042211.52681,,,0.8653361303786095
2222,3,0.7793464427275176,35061396.0,162686.890625,44180305401.260925,44487141890.61517,,,0.8638741987198013,34494429.56444224,1090054.329707699,42703811694.81326,39325540669.18147,,,0.8657958041295811
2223,3,0.8088039242415774,34109492.0,380628.125,48549158573.89692,45185274968.81781,,,0.8639578240364212,32909881.43917257,1384633.8595569984,45772543837.4804,39639979946.47653,,,0.8658654724062201
2234,4,0.7698865750121096,35113804.0,29984.06640625,47262141564.89839,52786929040.398315,,,0.8638454493664918,34845459.964450136,643496.3462155297,46118251238.35821,46327751709.931046,,,0.865958641002525
2235,4,0.8218830564380222,33810092.0,330350.875,51874141454.91086,53450288896.15243,,,0.8638836074542332,33123521.71452667,1168940.6344800058,49736633266.76183,46999141153.31856,,,0.8657753953314715
2248,3,0.796733902867443,35066840.0,135719.6875,45090200676.67611,42909164924.47296,,,0.863778578975725,34494470.240816936,1067566.2243382826,43500509406.49829,36982915501.77884,,,0.8658033567295081
2249,4,0.8184720712549117,33799912.0,410511.21875,49753462280.40088,50647390563.63591,,,0.863904465143312,33020431.487812985,1311273.4807468005,47079673561.90756,44773785973.92426,,,0.8658330718426559
